Algorithm_Family,Category_Type,Evaluated_Studies_Count,Evaluated_Percentage,Best_Model_Studies_Count,Best_Model_Percentage,Key_Strengths,Limitations_in_Literature,Integration_in_XHDPF
Random Forest (RF),Tree Ensemble,71,45.51,43,27.56,"High resistance to overfitting, handles tabular feature non-linearities, robust baseline","Opaque feature interactions without SHAP, prone to bias on highly imbalanced datasets",Evaluated as baseline tree ensemble classifier in Layer 3 benchmark
Gradient Boosted Decision Trees (XGBoost / LightGBM / CatBoost),Gradient Boosted Tree Ensemble,41,26.28,19,12.18,"Superior predictive discrimination on structured administrative data, exact split optimization","Requires careful hyperparameter tuning, susceptible to class imbalance without re-weighting",Core static tabular classification engine in Layer 3 Late Fusion architecture
Artificial Neural Networks & Deep Learning (ANN / MLP / Deep Learning),Deep Learning / Connectionist,44,28.21,17,10.9,"Captures high-dimensional feature interactions, scalable to large student cohorts","Black-box opacity, high sample size requirement, uninterpretable without XAI surrogates",Sequential 2-layer Stacked LSTM dynamic branch for processing LMS interaction logs
Decision Trees (DT / J48 / C4.5),Single Tree Classifier,52,33.33,14,8.97,"Native rule-based interpretability, simple deployment","High variance, lower predictive accuracy compared to ensemble models",Interpretable decision-tree baseline for comparing TreeSHAP feature attributions
Logistic Regression (LR),Linear Statistical Model,51,32.69,13,8.33,"Provides calibrated probability estimates, computationally efficient, easy coefficient interpretation","Assumes linear decision boundary, poor performance on complex multi-source interaction data",Post-hoc probability recalibration model in Layer 3 inner loops (ECE minimization)
Hybrid Ensembles & Stacking / Late Fusion,Multi-Model Hybrid Architecture,14,8.97,11,7.05,"Combines heterogeneous representations (static + dynamic), achieves state-of-the-art discrimination","Complex implementation, underutilized in educational literature (only 8.97% evaluated)",Primary predictive engine in Layer 3 (XGBoost + Stacked LSTM Late Fusion with alpha = 0.60)
Support Vector Machines (SVM),Kernel-Based Classifier,46,29.49,6,3.85,"Effective in high-dimensional spaces, margin maximization","Computationally expensive on large datasets, sensitivity to feature scaling and kernel choices",Classical benchmark classifier evaluated in Layer 3 comparison
K-Nearest Neighbors (KNN),Instance-Based Learner,28,17.95,4,2.56,"Non-parametric, intuitive similarity modeling","Sensitive to irrelevant features and curse of dimensionality, slow inference time",Baseline instance-based comparator
Naive Bayes (NB),Probabilistic Classifier,29,18.59,3,1.92,"Fast training, performs well with small datasets",Strong feature independence assumption rarely holds in educational datasets,Baseline probabilistic comparator
Unreported / Incomplete Algorithmic Specification,Reporting Gap,25,16.03,25,16.03,N/A,Prevents scientific replication and algorithmic benchmarking,Identified as a major reporting gap addressed by XHDPF open-source replication suite
