1. Artículo;Año de Publicación;Periodo de Recolección de Datos;2. País en donde se realizó el estudio;3. Origen de los datos;4. Tamaño de la muestra;5. Causa de la deserción (o variable objetivo declarada);6. Variables Predictoras: Dimensiones_Predominantes;7. Variables Predictoras: Mejores Variables;8. Modelos de Aprendizaje Automático: Algoritmos_Evaluados;9. Modelos de Aprendizaje Automático: Mejor_Algoritmo;10. Métricas y Validación: Metricas_Reportadas;11. Métricas y Validación: Valor_Mejor_Metrica;12. Métricas y Validación: Tratamiento_Desbalanceo
ART111_SCP.pdf;2023;2013–2019.;México;Registros Académicos (SIS);10934;Late dropout;ACAD-PERF;Duration_subjects, Duration_MFP, Extensions;Random Forest (RF), Redes Neuronales/Deep Learning (ANN/DL), Regresión Logística (LR);Random Forest (RF);Accuracy, F1-Score, Precision, Recall/Sensitivity;Recall/Sensitivity: 0.75;SMOTE / Oversampling
ART115_SCP.pdf;2023;No reportado explícitamente.;Brasil;Registros Académicos (SIS);No reportado;Student attrition;ACAD-PERF;Academic and nonacademic features;No reportado;No reportado;F1-Score, Recall/Sensitivity;Recall/Sensitivity: 91.67%;Ninguno reportado
ART119_SCP.pdf;2021;No reportado explícitamente.;Perú;Registros Académicos (SIS);No reportado;Rendimiento académico en matemáticas;SOCECO-EDU;School management, socioeconomic status, internet access, interannual dropout rate;Gradient Boosting (XGBoost/LightGBM);Gradient Boosting (XGBoost/LightGBM);No reportado;No reportado;Ninguno reportado
ART11_SCP.pdf;2023;2013–2021.;Brasil;Registros Académicos (SIS);1496;Riesgo de deserción;ACAD-PERF;Grades of the first two months, absence percentage;Decision Trees (DT), K-Nearest Neighbors (KNN), Regresión Logística (LR);K-Nearest Neighbors (KNN);Accuracy;Accuracy: No reportado;Ninguno reportado
ART12_SCP.pdf;2022;No reportado explícitamente (Año de publicación: 2022).;Perú;Registros Académicos (SIS);1861;Deserción estudiantil;ACAD-PERF;PromMat, Nnotamatuno, Number of tutorials carried out, Number of credits approved;Decision Trees (DT), Ensambles Híbridos, Redes Neuronales/Deep Learning (ANN/DL);Ensambles Híbridos;Accuracy;Accuracy: No reportado;Ninguno reportado
ART13_SCP.pdf;2025;No reportado explícitamente (Año de publicación: 2024/2025).;Colombia;Registros Académicos (SIS);64800;Deserción estudiantil;ACAD-PERF;internet_device, status, num_enrolled_subjects;Decision Trees (DT), Ensambles Híbridos, Gradient Boosting (XGBoost/LightGBM), K-Nearest Neighbors (KNN), Naive Bayes (NB), Random Forest (RF), Redes Neuronales/Deep Learning (ANN/DL), Regresión Logística (LR), Support Vector Machines (SVM);Ensambles Híbridos;Accuracy;Accuracy: 0.80;Ninguno reportado
ART143_SCP.pdf;2023;No reportado explícitamente (Año de publicación: 2023).;Perú;Registros Académicos (SIS);2638;Deserción estudiantil;DEMO-GEO;Especialidad, Sexo, Nacionalidad, Departamento de Nacimiento, Tipo de colegio;Redes Neuronales/Deep Learning (ANN/DL);Redes Neuronales/Deep Learning (ANN/DL);Accuracy;Accuracy: 66.30%;Ninguno reportado
ART144_SCP.pdf;2024;No reportado explícitamente.;Argentina;Encuestas socioeconómicas;No reportado;Deserción estudiantil y rendimiento;PSICO;Cognitive factors, sociodemographic data, psychological data;Redes Neuronales/Deep Learning (ANN/DL);Redes Neuronales/Deep Learning (ANN/DL);No reportado;No reportado;Ninguno reportado
ART147_SCP.pdf;2024;No reportado explícitamente (Año de publicación: 2024).;México;Registros Académicos (SIS);53639;Retención y Graduación;ACAD-PRE;Average grade of previous high school, entry score;K-Nearest Neighbors (KNN);K-Nearest Neighbors (KNN);No reportado;No reportado;Ninguno reportado
ART155_SCP.pdf;2025;No reportado explícitamente (Año de publicación: 2025).;Colombia;Registros Académicos (SIS);2234;Deserción y graduación;ACAD-PERF;Tasas de reprobación, cuellos de botella en semestres iniciales;No reportado;No reportado;No reportado;No reportado;Ninguno reportado
ART157_SCP.pdf;2021;No reportado explícitamente.;Colombia;Plataformas LMS (Moodle/Blackboard);1232;Rendimiento académico;ACAD-BEHAV;Virtual platform interactions (Moodle);No reportado;No reportado;No reportado;No reportado;Ninguno reportado
ART18_SCP.pdf;2020;No reportado explícitamente.;Colombia;Registros Académicos (SIS);1571;Rendimiento académico;ACAD-PRE;Edad, genero, puntaje ICFES aptitud matemática, valor de matrícula;Decision Trees (DT), K-Nearest Neighbors (KNN), Redes Neuronales/Deep Learning (ANN/DL), Support Vector Machines (SVM);Redes Neuronales/Deep Learning (ANN/DL);Accuracy, F1-Score, Precision, Recall/Sensitivity;Accuracy: 0.664;Ninguno reportado
ART19_SCP.pdf;2023;No reportado explícitamente (Año de publicación: 2023).;España;Registros Académicos (SIS);No reportado;Rendimiento académico;ACAD-PERF;Theoretical classes, practical classes, online sessions, final exams;No reportado;No reportado;No reportado;No reportado;Ninguno reportado
ART23_SCP.pdf;2020;No reportado explícitamente.;Ecuador;Registros Académicos (SIS);No reportado;Deserción estudiantil;ACAD-PERF;Number of times course taken, GPA, credits of course;No reportado;No reportado;No reportado;No reportado;Ninguno reportado
ART24_SCP.pdf;2024;2019–2022.;Brasil;Registros Académicos (SIS);No reportado;Deserción escolar;ACAD-PERF;Age, student average grades, proportion of absences, race/color;Regresión Logística (LR);Regresión Logística (LR);Accuracy, Precision, Recall/Sensitivity;Accuracy: 0.89;Ninguno reportado
ART26_SCP.pdf;2023;No reportado explícitamente (Año de publicación: 2023).;América Latina;No reportado;No reportado;Deserción estudiantil;ACAD-PERF;Curricular units 2nd semester (approved), Inflation rate, Nationality;Redes Neuronales/Deep Learning (ANN/DL);Redes Neuronales/Deep Learning (ANN/DL);No reportado;No reportado;Ninguno reportado
ART31_SCP.pdf;2022;No reportado explícitamente.;Brasil;Registros Académicos (SIS);No reportado;No reportado;SOCECO-SUP;assistance, previousMajor, age, publicSchool, subsidizedMeal;No reportado;No reportado;No reportado;No reportado;Ninguno reportado
ART32_SCP.pdf;2023;2018–2021.;Ecuador;Plataformas LMS (Moodle/Blackboard);6350;Rendimiento académico;ACAD-BEHAV;Use of resources, use of activities, participation in classes;Gradient Boosting (XGBoost/LightGBM), Random Forest (RF), Support Vector Machines (SVM);Random Forest (RF);Accuracy;Accuracy: 0.967;Ninguno reportado
ART33_SCP.pdf;2020;No reportado explícitamente.;Perú;Registros Académicos (SIS);976;Rendimiento académico y deserción;ACAD-PERF;Índice de rendimiento exógeno, relación de créditos aprobados;Decision Trees (DT), Redes Neuronales/Deep Learning (ANN/DL);Decision Trees (DT);Accuracy;Accuracy: 0.948;Ninguno reportado
ART34_SCP.pdf;2023;No reportado explícitamente (Año de publicación: 2023).;Colombia;Plataformas LMS (Moodle/Blackboard);27550;Rendimiento académico;ACAD-BEHAV;Créditos aprobados, Total de clics, Edad, Índice de necesidades insatisfechas;Naive Bayes (NB), Random Forest (RF);Random Forest (RF);Accuracy, F1-Score, Precision, Recall/Sensitivity;No reportado;Ninguno reportado
ART35_SCP.pdf;2024;2001–2019.;Colombia;Registros Académicos (SIS);5387;Rendimiento académico;ACAD-PERF;academic semester, course ID, academic credits, obtained grades;No reportado;No reportado;No reportado;No reportado;SMOTE / Oversampling
ART36_SCP.pdf;2024;No reportado explícitamente.;Paraguay;Encuestas socioeconómicas;84;Rendimiento académico;SOCECO-WORK;Course, attendance, grant information, city;Decision Trees (DT), Naive Bayes (NB), Regresión Logística (LR), Support Vector Machines (SVM);No reportado;Accuracy;Accuracy: 0.80;Ninguno reportado
ART37_SCP.pdf;2024;No reportado explícitamente.;Chile;Encuestas socioeconómicas;1266;Deserción estudiantil;DEMO-FAM;Family background, economic status, employment, work preferences;No reportado;No reportado;No reportado;No reportado;Ninguno reportado
ART38_SCP.pdf;2023;No reportado explícitamente.;Brasil;Registros Académicos (SIS);No reportado;Deserción estudiantil;ACAD-PERF;ENEM grade, standard deviation of frequency and grades, average attendance;No reportado;No reportado;No reportado;No reportado;Ninguno reportado
ART39_SCP.pdf;2024;2010–2013 (Cohortes de ingreso).;México;Registros Académicos (SIS);3499;Deserción estudiantil;ACAD-PERF;Gender, subject, credits, semester of curriculum, grade;Naive Bayes (NB);Naive Bayes (NB);No reportado;No reportado;Ninguno reportado
ART3_SCP.pdf;2025;2016–2020 (Rango de recolección para la revisión sistemática de literatura).;Brasil;Registros Académicos (SIS);762;Deserción institucional;ACAD-PERF;Percentage of courses cancellation, average grades, scholarship, attendance;Decision Trees (DT), Ensambles Híbridos, Redes Neuronales/Deep Learning (ANN/DL), Regresión Logística (LR);Ensambles Híbridos;Accuracy;No reportado;Undersampling
ART41_SCP.pdf;2024;2022.;México;Registros Académicos (SIS);No reportado;Rendimiento académico;ACAD-BEHAV;Horas de estudio, participación extracurricular, calificaciones previas;Random Forest (RF), Redes Neuronales/Deep Learning (ANN/DL), Support Vector Machines (SVM);Random Forest (RF);Accuracy, F1-Score, Precision, Recall/Sensitivity;Accuracy: 0.925;Ninguno reportado
ART45_SCP.pdf;2022;No reportado explícitamente.;Argentina;Registros Académicos (SIS);No reportado;Deserción estudiantil;ACAD-PERF;Entry dates, courses taken, exam dates, results;No reportado;No reportado;No reportado;No reportado;Ninguno reportado
ART46_SCP.pdf;2024;No reportado explícitamente.;Ecuador;Registros Académicos (SIS);No reportado;Rendimiento académico;ACAD-PERF;Partial grades, final grades, approval rate, failures, age, sex;No reportado;No reportado;No reportado;No reportado;Ninguno reportado
ART52_SCP.pdf;2021;2016 (Pruebas SABER PRO).;Colombia;Registros Académicos (SIS);162030;Rendimiento académico;ACAD-PRE;SABER 11 scores, monthly family income, parents' education;No reportado;No reportado;No reportado;No reportado;Ninguno reportado
ART54_SCP.pdf;2022;No reportado explícitamente.;Colombia;Registros Académicos (SIS);1865;Deserción escolar;DEMO-GEO;Latitude, distance from school, Sisbén score, extra-age metric;Ensambles Híbridos, Support Vector Machines (SVM);Ensambles Híbridos;No reportado;No reportado;Ninguno reportado
ART56_SCP.pdf;2025;No reportado explícitamente.;Perú;Registros Académicos (SIS);4424;Deserción estudiantil;ACAD-PERF;Curricular units passed in the first semester, tuition fee status, debtor;Random Forest (RF), Support Vector Machines (SVM);Random Forest (RF);AUC-ROC, Accuracy, Precision, Recall/Sensitivity;Accuracy: 0.88;Ninguno reportado
ART60_SCP.pdf;2024;2015–2017 (Evaluaciones PLANEA).;México;Registros Académicos (SIS);1640;Rendimiento académico;INST-PROG;ENROLLED, LEVELIV-LC, LEVELI-LC, EVALUATED-MATH;Random Forest (RF);Random Forest (RF);No reportado;No reportado;Ninguno reportado
ART64_SCP.pdf;2023;2018–2019.;México;Registros Académicos (SIS);337;Deserción escolar;ACAD-PERF;Students' scores, clusters of class groups;K-Nearest Neighbors (KNN);No reportado;Cohen's Kappa;No reportado;Ninguno reportado
ART66_SCP.pdf;2025;No reportado explícitamente (Año de publicación: 2025).;Perú;Registros Académicos (SIS);4548;Rendimiento académico;ACAD-PERF;Age, Gender, Marital Status, Type of School, Total Credits Passed;Decision Trees (DT), Gradient Boosting (XGBoost/LightGBM), K-Nearest Neighbors (KNN), Naive Bayes (NB), Regresión Logística (LR), Support Vector Machines (SVM);No reportado;Accuracy;No reportado;SMOTE / Oversampling
ART67_SCP.pdf;2022;No reportado explícitamente.;México;Registros Académicos (SIS);143326;Deserción estudiantil;ACAD-PERF;Average achieved in first period, scholarship percentage, age;Naive Bayes (NB), Redes Neuronales/Deep Learning (ANN/DL), Regresión Logística (LR), Support Vector Machines (SVM);Redes Neuronales/Deep Learning (ANN/DL);Precision;Precision: 0.98;Ninguno reportado
ART70_SCP.pdf;2024;2021–2022.;Ecuador;Registros Académicos (SIS);774;Rendimiento académico;ACAD-PERF;Final average, enrolment numbers, gender, ethnicity, age;Decision Trees (DT), K-Nearest Neighbors (KNN), Regresión Logística (LR);Decision Trees (DT);Accuracy;Accuracy: 0.9954;Ninguno reportado
ART71_SCP.pdf;2021;2008–2019.;Perú;Registros Académicos (SIS);4365;Deserción estudiantil;ACAD-PRE;School type, College graduation age, Entry Mode;Decision Trees (DT), Naive Bayes (NB), Random Forest (RF);No reportado;Accuracy, Precision;No reportado;SMOTE / Oversampling
ART75_SCP.pdf;2023;No reportado explícitamente (Año de publicación: 2023).;Colombia;Registros Académicos (SIS);No reportado;Riesgo de reprobar o desertar;ACAD-PERF;Academic History;Decision Trees (DT);Decision Trees (DT);No reportado;No reportado;Ninguno reportado
ART79_SCP.pdf;2025;No reportado explícitamente (Año de publicación: 2025).;Perú;Encuestas socioeconómicas;527;Deserción estudiantil;PSICO;Psychological support, prior academic performance (GPA), academic program;Decision Trees (DT), Ensambles Híbridos, Gradient Boosting (XGBoost/LightGBM), Random Forest (RF);No reportado;F1-Score;No reportado;SMOTE / Oversampling
ART7_SCP.pdf;2022;2022 (Primer semestre).;Chile;Registros Académicos (SIS);1266;Deserción estudiantil;ACAD-PERF;Weighted Average Grades, gender, parental education level;No reportado;No reportado;No reportado;No reportado;Ninguno reportado
ART85_SCP.pdf;2020;No reportado explícitamente (Año de publicación: 2020).;Colombia;Registros Académicos (SIS);No reportado;Rendimiento académico y deserción;ACAD-PERF;Student status, academic sanction, age, gender;Decision Trees (DT);Decision Trees (DT);Accuracy;Accuracy: 0.926;Ninguno reportado
ART86_SCP.pdf;2021;No reportado explícitamente.;Brasil;Registros Académicos (SIS);1342;Deserción estudiantil;ACAD-PERF;Academic, social, and demographic information, subjects taken;No reportado;No reportado;No reportado;No reportado;Ninguno reportado
ART87_SCP.pdf;2020;2012 (Datos del Censo de Educación Superior).;Brasil;Registros Académicos (SIS);2991;Deserción o permanencia;ACAD-PERF;Índice de Aproveitamento Acumulado (IAA), puntos Vestibular, Reside en ciudad polo, edad;Regresión Logística (LR);Regresión Logística (LR);Accuracy;Accuracy: 0.90;Ninguno reportado
ART88_SCP.pdf;2020;No reportado explícitamente (Año de publicación: 2020).;Colombia;Registros Académicos (SIS);20124;Deserción estudiantil;ACAD-PERF;Approved courses, quantity and results of attended courses;Decision Trees (DT), Naive Bayes (NB);No reportado;Accuracy;Accuracy: 0.80;Ninguno reportado
ART89_SCP.pdf;2020;No reportado explícitamente.;Ecuador;Registros Académicos (SIS);2097;Deserción estudiantil;ACAD-PRE;Application grade, vulnerability index, academic regime;Redes Neuronales/Deep Learning (ANN/DL), Regresión Logística (LR);Redes Neuronales/Deep Learning (ANN/DL);No reportado;No reportado;Ninguno reportado
ART91_SCP.pdf;2020;No reportado explícitamente.;Brasil;Plataformas LMS (Moodle/Blackboard);No reportado;Deserción estudiantil;ACAD-BEHAV;Interacción con recursos de aprendizaje, desarrollo de actividades;Redes Neuronales/Deep Learning (ANN/DL);Redes Neuronales/Deep Learning (ANN/DL);Accuracy;Accuracy: 0.77;Ninguno reportado
ART93_SCP.pdf;2024;2009–2019.;Perú;Encuestas socioeconómicas;329;Deserción estudiantil;SOCECO-INC;Cycle, age, zonal address, total income, family load;Decision Trees (DT), Naive Bayes (NB), Random Forest (RF), Regresión Logística (LR), Support Vector Machines (SVM);Decision Trees (DT);Accuracy;Accuracy: 0.76;SMOTE / Oversampling
ART94_SCP.pdf;2025;No reportado explícitamente.;México;Registros Académicos (SIS);596;Riesgo de deserción;ACAD-PERF;Specific course grade, average and cumulative grades of each semester;K-Nearest Neighbors (KNN), Support Vector Machines (SVM);Support Vector Machines (SVM);AUC-ROC, Accuracy;Accuracy: 0.7885;Ninguno reportado
ART95_SCP.pdf;2024;No reportado explícitamente.;Ecuador;No reportado;No reportado;Deserción estudiantil;ACAD-PERF;Curricular units 2nd sem (approved), Tuition fees up to date;Decision Trees (DT), Ensambles Híbridos, Gradient Boosting (XGBoost/LightGBM), K-Nearest Neighbors (KNN), Random Forest (RF), Redes Neuronales/Deep Learning (ANN/DL);Ensambles Híbridos;No reportado;No reportado;Ninguno reportado
ART158_SCP.pdf;2021;(Datos recopilados: 2000–2018)*;Brasil;Registros Académicos (SIS);744;Evasión del curso;ACAD-PERF;médias do primeiro, segundo e terceiro semestre;Decision Trees (DT), Random Forest (RF);Random Forest (RF);AUC-ROC, Accuracy, Precision, Recall/Sensitivity;Accuracy: 0.8558;Ninguno reportado
ART161_SCP.pdf;2024;No reportado;Perú;Encuestas socioeconómicas;237;Deserción estudiantil;ACAD-PRE;Rendimiento académico en secundaria, asignaturas reprobadas, repetición de año;Gradient Boosting (XGBoost/LightGBM), Redes Neuronales/Deep Learning (ANN/DL);Gradient Boosting (XGBoost/LightGBM);AUC-ROC, Accuracy, Precision, Recall/Sensitivity;AUC-ROC: 0.961;Ninguno reportado
ART163_SCP.pdf;2020;(Aprox. según referencias);Brasil;Plataformas LMS (Moodle/Blackboard);251 662;Early prediction;ACAD-BEHAV, DEMO-BIO, DEMO-FAM, INST-PROG, PSICO;actividades de acceso a los cursos, comportamientos de aprendizaje de los estudiantes, patrones de aprendizaje de salto, antecedentes educativos, edad, género, nacionalidad.;Random Forest (RF), Gradient Boosting Machine, Adaptive Boosting (AdaBoost) y XGBoost.;Adaptive Boosting (AdaBoost);Balanced Accuracy score (BA);Acuracy: 0.91 - 0.9495;Algoritmos Cost-Sensitive
ART167_SCP.pdf;2021;(Aprox. según referencias);Brasil;Registros Académicos (SIS);5582;Dropout status;No reportado;No reportado;SVM (Máquina de Vectores de Soporte) y el eXtreme Gradient Boosting (XGBoost). Además, se utiliza SHapley Additive exPlanation (SHAP).;Support Vector Machines (SVM);Accuracy, Precision, Recall, Puntuación F1;puntuación F1: 0.9503;SMOTE / ENN
ART168_SCP.pdf;2021;(Datos recopilados: otoño 2014 – primavera 2019)*;México;Registros Académicos (SIS);10635;Deserción escolar;ACAD-BEHAV;período, último semestre cursado, créditos cursados, asistencia, materias reprobadas, programa;Decision Trees (DT), Naive Bayes (NB), Random Forest (RF), Support Vector Machines (SVM);Decision Trees (DT);Accuracy;Accuracy: 0.9421;Ninguno reportado
ART172_SCP.pdf;2024;(Datos recopilados: ciclo julio-diciembre 2024)*;México;Encuestas socioeconómicas;74;Academic performance;SOCECO-EDU;personal, self-concept, motivational, sociocultural, parental education, economic;K-Nearest Neighbors (KNN), Random Forest (RF), Support Vector Machines (SVM);Random Forest (RF);Accuracy, Precision, Recall/Sensitivity;Accuracy: 1;SMOTE / Oversampling
ART174_SCP.pdf;2023;No reportado;Perú;Registros Académicos (SIS);827;Pass or fail;ACAD-PRE;gender, college entrance score, age of graduation, time elapsed since graduation;Gradient Boosting (XGBoost/LightGBM), Random Forest (RF), Regresión Logística (LR);Random Forest (RF);Accuracy, F1-Score, Precision, Recall/Sensitivity;Accuracy: 0.80;Ninguno reportado
ART176_SCP.pdf;2020;No reportado;Cuba;Registros Académicos (SIS);456;Dropout before end of first year;ACAD-PERF;academic performance in Mathematics and Programming;J48, MLP (Multi-Layer Perceptron), Naive Bayes.;MLP (Multi-Layer Perceptron);Accuracy;Accuracy: 0.9671;Ninguno reportado
ART177_SCP.pdf;2025;(Base de datos histórica desde 2011)*;Brasil;Registros Académicos (SIS);69;Graduation or dropout status;ACAD-PERF;cr_acumulado, primeiro_cr, method of entry;Decision Trees (DT), Random Forest (RF), Regresión Logística (LR), Support Vector Machines (SVM);Random Forest (RF);AUC-ROC, Accuracy, F1-Score, Precision, Recall/Sensitivity;Accuracy: 0.9226;Ninguno reportado
ART180_SCP.pdf;2025;(Datos recopilados: mayo 2014 – febrero 2019)*;Ecuador;Registros Académicos (SIS);10002;Student dropout;ACAD-BEHAV;student irregularity, class attendance;K-Nearest Neighbors (KNN), Random Forest (RF), Redes Neuronales/Deep Learning (ANN/DL), Regresión Logística (LR), Support Vector Machines (SVM);Random Forest (RF);AUC-ROC, F1-Score;AUC-ROC: 0.95;SMOTE / Oversampling
ART181_SCP.pdf;2024;(Datos recopilados durante una ventana de 10 años)*;Ecuador;Registros Académicos (SIS);1000;Study withdrawal or non-completion;SOCECO-INC;HS average grade, Quintile, Parents' income;K-Nearest Neighbors (KNN), Naive Bayes (NB), Redes Neuronales/Deep Learning (ANN/DL), Support Vector Machines (SVM);Redes Neuronales/Deep Learning (ANN/DL);Precision, Recall/Sensitivity;Precision: 0.89;Ninguno reportado
ART183_SCP.pdf;2026;No reportado;Perú;Registros Académicos (SIS);4424;Student dropout;SOCECO-INC;Tuition fees up to date, GDP, Mother's occupation, Daytime/evening attendance, Debtor;Gradient Boosting (XGBoost/LightGBM), Random Forest (RF);Random Forest (RF);AUC-ROC, Accuracy, F1-Score, Precision, Recall/Sensitivity;Accuracy: 0.93;Ninguno reportado
ART184_SCP.pdf;2019;(Aprox. según referencias);Brasil;Registros Académicos (SIS);760;Evasão do curso;ACAD-PERF;sexo, cota, escola pública, benefício, médias, disciplinas cursadas;Random Forest (RF);Random Forest (RF);Accuracy, Precision, Recall/Sensitivity;Accuracy: 0.9105;SMOTE / Oversampling
ART189_SCP.pdf;2022;(Datos recopilados de cohortes de ingreso 2012–2017)*;Chile;Registros Académicos (SIS);336;Attrition;ACAD-PERF;average accumulated grades;Decision Trees (DT);Decision Trees (DT);AUC-ROC, Accuracy, F1-Score;Accuracy: 0.8382;Ninguno reportado
ART190_SCP.pdf;2024;(Datos recopilados: 2012 – 2023)*;Costa Rica;Registros Académicos (SIS);16949;Student dropout;ACAD-PERF;Total of approved credits, academic grades;Gradient Boosting (XGBoost/LightGBM), Random Forest (RF), Redes Neuronales/Deep Learning (ANN/DL);Gradient Boosting (XGBoost/LightGBM);Accuracy;Accuracy: 0.9543;Ninguno reportado
ART191_SCP.pdf;2018;(Datos recopilados de cohortes 2009 a 2016)*;Chile;Registros Académicos (SIS);11156;Attrition;ACAD-PRE;secondary education average grade, admission math score, student's program;Gradient Boosting (XGBoost/LightGBM), K-Nearest Neighbors (KNN), Random Forest (RF), Support Vector Machines (SVM);Random Forest (RF);Accuracy;Accuracy: 0,869;Ninguno reportado
ART192_SCP.pdf;2025;(Datos recopilados: enero 2020 – julio 2023)*;Perú;Registros Académicos (SIS);249043;Dropout probability;ACAD-PERF;semester attended, year of enrollment, program of study, GPA;Random Forest (RF), Regresión Logística (LR);Random Forest (RF);Accuracy, Precision, Recall/Sensitivity;Accuracy: 0.859;Ninguno reportado
ART193_SCP.pdf;2023;(Datos recopilados: 2008–2018)*;Colombia;Registros Académicos (SIS);4738;Academic performance;ACAD-PERF;distance traveled per journey, age, grades;Decision Trees (DT), K-Nearest Neighbors (KNN), Naive Bayes (NB), Support Vector Machines (SVM);K-Nearest Neighbors (KNN);Accuracy;Accuracy: 0.80;Ninguno reportado
ART194_SCP.pdf;2021;No reportado;Colombia;Registros Académicos (SIS);No reportado;Student desertion;ACAD-PERF;Average of the student the previous semester, cumulative average, approved credits, subject loss;Decision Trees (DT), Naive Bayes (NB), Random Forest (RF), Regresión Logística (LR);Random Forest (RF);Accuracy, F1-Score;Accuracy: 0.97;Ninguno reportado
ART196_SCP.pdf;2024;No reportado;México;Registros Académicos (SIS);70000;Student dropout risk;ACAD-PERF;GPA, failed subjects, withdrawn subjects, socioeconomic level;Support Vector Machines (SVM);Support Vector Machines (SVM);AUC-ROC, Accuracy, F1-Score, Precision, Recall/Sensitivity;AUC-ROC: 0.9361;Ninguno reportado
ART197_SCP.pdf;2020;(Aprox. según referencias);Ecuador;Registros Académicos (SIS);530;Student dropout;ACAD-PERF;Final global note, number of semesters, last semester, total number of credits;Regresión Logística (LR);Regresión Logística (LR);Accuracy;Accuracy: 0.97;SMOTE / Oversampling
ART199_SCP.pdf;2020;(Aprox. según referencias);Chile;Registros Académicos (SIS);856;Internal transfer / student dropout;ACAD-PERF;Success-to-failure ratio (SFR), Tuition fee exemption (TFE);Regresión Logística (LR);Regresión Logística (LR);No reportado;No reportado;Ninguno reportado
ART204_SCP.pdf;2020;(Aprox. según referencias);Colombia;Encuestas socioeconómicas;6617;Abandoning a degree without graduating;PSICO;ASSIST tests, Learning styles, State test score, Academic risk, Depression level;Regresión Logística (LR);Regresión Logística (LR);Recall/Sensitivity;Recall/Sensitivity: 0.6197;SMOTE / Oversampling
ART205_SCP.pdf;2024;No reportado;Perú;Registros Académicos (SIS);1440;Student dropout;ACAD-PERF;Age, term, method of financing;Ensambles Híbridos, Random Forest (RF);Random Forest (RF);Accuracy, Precision, Recall/Sensitivity;Accuracy: 0.90;SMOTE / Oversampling
ART206_SCP.pdf;2022;(Aprox. según referencias);Perú;Registros Académicos (SIS);218;Academic Performance;ACAD-PERF;CAP2BI, IMPRESPO, CAP1BI, CAP3BI;Decision Trees (DT), Gradient Boosting (XGBoost/LightGBM), K-Nearest Neighbors (KNN), Naive Bayes (NB), Random Forest (RF), Regresión Logística (LR), Support Vector Machines (SVM);Random Forest (RF);Accuracy, Recall/Sensitivity;Accuracy: 0.93;SMOTE / Oversampling
ART207_SCP.pdf;2025;No reportado;Ecuador;Registros Académicos (SIS);632;Academic dropout;SOCECO-INC;SEI, DAILY_MEALS, PROGRESS_PERCENTAGE, AVERAGE_GRADE, BUS_ENTRY_COUNT, WALK_ENTRY;Ensambles Híbridos, Gradient Boosting (XGBoost/LightGBM), Redes Neuronales/Deep Learning (ANN/DL);Ensambles Híbridos;AUC-ROC, F1-Score, Recall/Sensitivity;AUC-ROC: 0.995;SMOTE / Oversampling
ART208_SCP.pdf;2023;(Aprox. según referencias);Perú;Registros Académicos (SIS);10401;Student dropout;ACAD-PERF;Promedio general, notas en matemáticas, inasistencia;Decision Trees (DT), Random Forest (RF), Regresión Logística (LR);Regresión Logística (LR);AUC-ROC, Accuracy;Accuracy: 0.933;Ninguno reportado
ART224_SCP.pdf;2021;(Aprox. según referencias);Perú;Encuestas socioeconómicas;237;Deserción estudiantil;SOCECO-EDU;Factores académicos e individuales;Decision Trees (DT);Decision Trees (DT);Accuracy, Cohen's Kappa;Accuracy: 0.8776;Ninguno reportado
ART226_SCP.pdf;2023;(Aprox. según referencias);Ecuador;Registros Académicos (SIS);241515;Student dropout;ACAD-PERF;CANT_MATERIAS_AP, CANT_MATERIAS_REP, CANT_CREDITOS_AP, PROM_GLOBAL;K-Nearest Neighbors (KNN), Redes Neuronales/Deep Learning (ANN/DL), Regresión Logística (LR), Support Vector Machines (SVM);Redes Neuronales/Deep Learning (ANN/DL);Accuracy, Precision;Acuracy: 0.98870;Ninguno reportado
ART227_SCP.pdf;2019;(Aprox. según referencias);Brasil;Plataformas LMS (Moodle/Blackboard);71164;Dropout;ACAD-BEHAV;access_day_N, notas, entrega de actividades;Decision Trees (DT), Naive Bayes (NB), Random Forest (RF), Regresión Logística (LR), Support Vector Machines (SVM);Random Forest (RF);Accuracy;Accuracy: 0.989;Ninguno reportado
ART228_SCP.pdf;2020;(Datos recopilados: 2008–2018)*;Brasil;Registros Académicos (SIS);24890;Dropout vs Success;ACAD-PERF;No reportado;Redes Neuronales/Deep Learning (ANN/DL);Redes Neuronales/Deep Learning (ANN/DL);Accuracy, Sensitivity, Specificity, AUC;AUC: 0.9735 (0.0017);Ninguno reportado
ART230_SCP.pdf;2024;No reportado;Perú;Registros Académicos (SIS);500;Academic success;ACAD-BEHAV;Study hours, previous exam scores;random forest;random forest;No reportado;No reportado;Ninguno reportado
ART232_SCP.pdf;2024;No reportado;Brasil;Registros Académicos (SIS);4424;Academic success / Dropout;DEMO-BIO;admission grade, retention years, order of choice, student debt;Árbol de Decisión (DT), Máquina de Vectores de Soporte (SVM), Bosque Aleatorio (RF), así como algoritmos de refinamiento como Aumento de Gradiente (GB), Aumento de Gradiente Extremo (XGBoost), CatBoost (CB) y Máquina de Aumento de Gradiente Ligero (LB);LightGBM/CatBoost;F1 score;F1 score: 0.87;Ninguno reportado
ART247_SCP.pdf;2024;(Aprox. según referencias);Ecuador;Registros Académicos (SIS);8737;Student dropout;ACAD-PERF;Cumulative GPA, number of semesters completed, failed courses;Gradient Boosting (XGBoost/LightGBM), Random Forest (RF), Redes Neuronales/Deep Learning (ANN/DL), Regresión Logística (LR), Support Vector Machines (SVM);Random Forest (RF);AUC-ROC, Accuracy, F1-Score;Accuracy: 0.9662;SMOTE / Oversampling
ART249_SCP.pdf;2021;(Datos del periodo académico 2016–2017)*;Ecuador;Registros Académicos (SIS);248252;High Academic Performance;SOCECO-FAM;Internet connection, preparation for exam, household resources;Random Forest (RF);Random Forest (RF);Accuracy, Cohen's Kappa;Accuracy: 0.84;Ninguno reportado
ART251_SCP.pdf;2019;(Aprox. según referencias);Brasil;Registros Académicos (SIS);35646;School dropout;ACAD-PERF;student grades, quota holder, sum of negative grades;Gradient Boosting (XGBoost/LightGBM), Random Forest (RF), Regresión Logística (LR), Support Vector Machines (SVM);Gradient Boosting (XGBoost/LightGBM);Accuracy;AUC-ROC: 0.8648;Ninguno reportado
ART252_SCP.pdf;2020;(Aprox. según referencias);Ecuador;Registros Académicos (SIS);No reportado;Dropout;ACAD-PERF;Academic variables per semester;No reportado;No reportado;No reportado;No reportado;Ninguno reportado
ART256_SCP.pdf;2024;(Aprox. según referencias);Colombia;Registros Académicos (SIS);No reportado;Deserción estudiantil;ACAD-PERF;Género, Sisbén, promedio general, notas en matemáticas, religión;Regresión Logística (LR);Regresión Logística (LR);Accuracy;Accuracy: 0.90;Ninguno reportado
ART280_WOS.pdf;2020;No reportado;Brasil;Plataformas LMS (Moodle/Blackboard);No reportado;Dropout rates;ACAD-BEHAV;Weekly interactions inside the VLE;Árboles de Decisión (DT), Bosques Aleatorios (RF), AdaBoost (ADA), Perceptrón Multicapa (MLP), Regresión Logística (RL);No reportado;AUC;AUC: 0.8454;Ninguno reportado
ART281_WOS.pdf;2023;(Datos de trayectorias analizados hasta 2019)*;Chile;Registros Académicos (SIS);6649625;School dropout;DEMO-BIO;foreign student, attendance, repetition, SES;Decision Trees (DT), Ensambles Híbridos;Ensambles Híbridos;F1-Score, Precision, Recall/Sensitivity;Recall/Sensitivity: 0.8814;Undersampling
ART282_WOS.pdf;2024;(Datos recopilados: cohortes 2016, 2017 y 2018)*;Colombia;Registros Académicos (SIS);No reportado;Academic performance in standardised tests;SOCECO-EDU;Socioeconomic level index, gender, region, location of educational institution;Decision Trees (DT), Ensambles Híbridos, Gradient Boosting (XGBoost/LightGBM), Naive Bayes (NB), Random Forest (RF), Redes Neuronales/Deep Learning (ANN/DL), Regresión Logística (LR);Ensambles Híbridos;AUC-ROC, Accuracy;AUC-ROC: 0.86;SMOTE / Oversampling
ART287_WOS.pdf;2021;(Aprox. según referencias);Brasil;Plataformas LMS (Moodle/Blackboard);4396;Passing/Failing;ACAD-BEHAV;Individual Activity 1 (IA1);Decision Tree, Support Vector Machine (SVM), Neural Network, Naïve Bayes, Random Forest, Linear Regression, AdaBoost, y k-NN;Random Forest;Accuracy, Precision, Recall, y las métricas g-means y f-measure.;accuracy: 0.93702;Ninguno reportado
ART290_WOS.pdf;2025;No reportado;Colombia;Registros Académicos (SIS);64800;Student dropout;ACAD-PERF;internet device, status, num_enrolled_subjects, gender, payment_method;Ensambles Híbridos, Gradient Boosting (XGBoost/LightGBM), K-Nearest Neighbors (KNN), Naive Bayes (NB), Random Forest (RF), Redes Neuronales/Deep Learning (ANN/DL), Regresión Logística (LR), Support Vector Machines (SVM);Ensambles Híbridos;Accuracy;Accuracy: 0.80;SMOTE / Oversampling
ART291_WOS.pdf;2020;No reportado;Ecuador;Registros Académicos (SIS);1071;Academic success or failure;ACAD-PRE;Diagnostic test score, university access score, self-efficacy, emotional attention;Regresión Logística (LR);Regresión Logística (LR);AUC-ROC, Accuracy;AUC-ROC: 0.986;Ninguno reportado
ART297_WOS.pdf;2025;(Datos recopilados del semestre 2025-I)*;Perú;Encuestas socioeconómicas;386;Academic performance;ACAD-PERF;Previous semester GPA, courses passed, commute time, repeats subjects, mother occupation;Decision Trees (DT), Gradient Boosting (XGBoost/LightGBM), Random Forest (RF), Redes Neuronales/Deep Learning (ANN/DL), Support Vector Machines (SVM);Random Forest (RF);No reportado;No reportado;Ninguno reportado
ART298_WOS.pdf;2021;No reportado;Chile;Registros Académicos (SIS);5951;First-year student dropout;ACAD-PRE;mathematical test, admission tests, grades;Decision Trees (DT), Gradient Boosting (XGBoost/LightGBM), K-Nearest Neighbors (KNN), Naive Bayes (NB), Random Forest (RF), Redes Neuronales/Deep Learning (ANN/DL), Regresión Logística (LR), Support Vector Machines (SVM);Gradient Boosting (XGBoost/LightGBM);AUC-ROC, Accuracy;No reportado;Ninguno reportado
ART301_WOS.pdf;2024;No reportado;Ecuador;Registros Académicos (SIS);301;Online computer science program performance;No reportado;No reportado;ARIMA, K-Means, DBSCAN y Prophet;No reportado;No reportado;No reportado;Ninguno reportado
ART303_WOS.pdf;2025;(Datos históricos desde 1998 hasta 2022)*;Colombia;Registros Académicos (SIS);49;Dropout rates;ACAD-PERF;Dropout rate per semester;Regresión Logística (LR);Regresión Logística (LR);AIC, BIC;AIC: -98.776, BIC: -95.398;Ninguno reportado
ART306_WOS.pdf;2023;No reportado;Perú;Plataformas LMS (Moodle/Blackboard);32593;Student performance / dropout;ACAD-BEHAV;Daily summaries of student clicks;No reportado;No reportado;No reportado;No reportado;Ninguno reportado
ART311_WOS.pdf;2023;No reportado;Perú;Encuestas socioeconómicas;237;Student dropout;ACAD-PRE;Academic performance in high school, Failed subjects;Gradient Boosting (XGBoost/LightGBM), Redes Neuronales/Deep Learning (ANN/DL);Gradient Boosting (XGBoost/LightGBM);AUC-ROC, Accuracy;AUC-ROC: 0.9715;Ninguno reportado
ART257_IEEE.pdf;2021; No reportado explícitamente en los fragmentos. ;Perú;Registros Académicos (SIS);665;WHO dropout and WHEN they drop out;ACAD-PERF;Failures per semester, courses per semester;Decision Trees (DT), Naive Bayes (NB), Random Forest (RF), Regresión Logística (LR), Support Vector Machines (SVM);Random Forest (RF);Accuracy;Accuracy: No reportado;Ninguno reportado
ART261_IEEE.pdf;2023; 2014 a 2020 ;México;Registros Académicos (SIS)/Registros Financieros/Becas;15684;student retention;ACAD-PERF/DEMO-FAM/SOCECO-EDU;students academic performance, family situation, and socioeconomic support.;Support Vector Machines (SVM)/K-Nearest Neighbors (KNN): ;XGBoost;Accuracy;Accuracy: 095;SMOTE
ART264_IEEE.pdf;2020; 2012 a 2018 (Ingresos 2012-2014, seguimiento a 2018) ;Brasil;Registros Académicos (SIS);12969;Student evasion (dropout);ACAD-PERF;SocProgram, ClosureSemester, GPA, ApplicYear;Decision Trees (DT);Decision Trees (DT);Accuracy;Accuracy: 0.99;Ninguno reportado
ART265_IEEE.pdf;2022; Primer semestre de 2019 ;Chile;Registros Académicos (SIS);467;Deserción;ACAD-PERF;No reportado;Naive Bayes (NB);Naive Bayes (NB);Accuracy;Accuracy: No reportado;SMOTE / Oversampling
ART270_IEEE.pdf;2021; 2004 a 2018 ;Perú;Registros Académicos (SIS);767;Predict desertion or graduation;ACAD-PERF;Demographic and academic variables;Decision Trees (DT), Gradient Boosting (XGBoost/LightGBM), Random Forest (RF), Redes Neuronales/Deep Learning (ANN/DL), Support Vector Machines (SVM);Gradient Boosting (XGBoost/LightGBM);Accuracy;Accuracy: 0.87;Ninguno reportado
ART271_IEEE.pdf;2021; 2016 a 2020 ;Brasil;Plataformas LMS (Moodle/Blackboard);761;Final status (dropout/failure);ACAD-PERF;Average grades, interactions with questionnaires;Decision Trees (DT), Gradient Boosting (XGBoost/LightGBM), Naive Bayes (NB), Random Forest (RF), Redes Neuronales/Deep Learning (ANN/DL), Regresión Logística (LR), Support Vector Machines (SVM);Random Forest (RF);F1-Score;F1-Score: 0.91;Ninguno reportado
ART273_IEEE.pdf;2024; No reportado explícitamente en los fragmentos. ;Perú;Registros Académicos (SIS);No reportado;Satisfactory academic performance;ACAD-PERF;Midterm exam, bin_recibio_tutoria, creditos_matriculados;Random Forest (RF), Redes Neuronales/Deep Learning (ANN/DL), Regresión Logística (LR), Support Vector Machines (SVM);Random Forest (RF);AUC-ROC;AUC-ROC: 0.94;Ninguno reportado
ART275_IEEE.pdf;2020; Cohortes 2012–2016 (excluyendo 2015) ;Chile;Registros Académicos (SIS);206;Student dropout;ACAD-PERF;Academic index, weighted average grade, income quintile;Decision Trees (DT), Random Forest (RF);Decision Trees (DT);Accuracy;Accuracy: 0.97;Ninguno reportado
ART276_ACM.pdf;2024; Basado en mapas de 2022 ;Brasil;Plataformas LMS (Moodle/Blackboard);4182;Dropout;ACAD-PERF;Access to the LMS, average final grade, number of approvals and rejections;Gradient Boosting (XGBoost/LightGBM), K-Nearest Neighbors (KNN), Random Forest (RF);Gradient Boosting (XGBoost/LightGBM);Accuracy;Accuracy: 0.91;Ninguno reportado
ART313_WOS.pdf;2024; No reportado explícitamente en los fragmentos. ;Ecuador;Plataformas LMS (Moodle/Blackboard);591;Early academic performance / At risk;ACAD-PERF;note2, exam1, note1, resources_reviewed;Random Forest (RF), Regresión Logística (LR), Support Vector Machines (SVM);Regresión Logística (LR);Accuracy;Accuracy: No reportado;Ninguno reportado
ART314_WOS.pdf;2022; 2008-1 a 2019-1 ;Perú;Registros Académicos (SIS);4365;Student dropout;ACAD-PRE;SemesterIngress_U, Last_Average_Accumulated, Curricular_Plan;Decision Trees (DT), Naive Bayes (NB), Random Forest (RF);Random Forest (RF);Accuracy;Accuracy: 0.97;SMOTE / Oversampling
ART315_WOS.pdf;2024; Datos accedidos en junio de 2024 ;México;Registros Académicos (SIS);No reportado;Term GPA;ACAD-PRE;student_originSchool.gpa, student.age, student_admission_test_score;Support Vector Machines (SVM);Support Vector Machines (SVM);Accuracy;Accuracy: 0.99;Ninguno reportado
ART316_WOS.pdf;2021; 2004 a 2018 (Cohortes 2004-2009) ;Chile;Registros Académicos (SIS);12840;Late program dropout;ACAD-PERF;Course-grade records;Decision Trees (DT);Decision Trees (DT);Accuracy;Accuracy: No reportado;Ninguno reportado
ART319_WOS.pdf;2022; Semestre académico 2021-II ;Perú;Encuestas socioeconómicas;670;Categorize into dropout risk levels;PSICO;Study habits, adaptation, depression, anxiety;K-Nearest Neighbors (KNN);K-Nearest Neighbors (KNN);Accuracy;Accuracy: 0.68;Ninguno reportado
ART321_WOS.pdf;2024; Enero y febrero de 2021 ;Ecuador;Encuestas socioeconómicas;2477;Perceived academic performance;SOCECO-EDU;ACADEMIC_Q3, GPA 202110, SYNCH_ATT;Gradient Boosting (XGBoost/LightGBM), Random Forest (RF), Support Vector Machines (SVM);Random Forest (RF);Accuracy;Accuracy: 0.77;SMOTE / Oversampling
ART322_WOS.pdf;2024; Accedido en marzo de 2024 ;Colombia ;Registros Académicos (SIS);413;Student dropout;ACAD-BEHAV/ACAD-PERF/DEMO-BIO/DEMO-FAM/SOCECO-EDU ;Academic performance, and demographic factors such as family environment and social and work environment;Random Forest (RF), Gradient Boosting (XGBoost/LightGBM), y Regresión Logística (LR);Random Forest (RF);AUC-ROC, Accuracy y F1-Score;AUC-ROC: 0.94;SMOTE / Oversampling
ART323_WOS.pdf;2025; Datos secundarios del estudio de 2022 ;Colombia;Encuestas socioeconómicas;269;Intention to drop out;ACAD-PERF;Academic GPA, state support, mother's educational level;Redes Neuronales/Deep Learning (ANN/DL);Redes Neuronales/Deep Learning (ANN/DL);AUC-ROC;AUC-ROC: 0.74;Ninguno reportado
ART327_WOS.pdf;2023; No reportado explícitamente en los fragmentos. ;Colombia;Registros Académicos (SIS);3534;Failure event;ACAD-PERF;Economic, health, algebra and calculus grades;Decision Trees (DT), Gradient Boosting (XGBoost/LightGBM);Gradient Boosting (XGBoost/LightGBM);Precision;Precision: No reportado;SMOTE / Oversampling
ART328_WOS.pdf;2020; Febrero de 2018 a octubre de 2019 ;América Latina;Plataformas LMS (Moodle/Blackboard);No reportado;Predicción temprana de deserción;ACAD-BEHAV;Interacciones con la plataforma virtual;Random Forest (RF);Random Forest (RF);Precision;Precision: No reportado;Ninguno reportado
ART329_WOS.pdf;2022; 2015 a 2020 ;Uruguay;Registros Académicos (SIS);261446;Early identification of students at risk;ACAD-PRE;Information from primary education, absences, performance;Random Forest (RF);Random Forest (RF);Accuracy;Accuracy: No reportado;Ninguno reportado
ART330_WOS.pdf;2024; Datos consolidados en 2023 ;Brasil;Registros Académicos (SIS);No reportado;Prediction of dropout;ACAD-PERF;Academic performance;Redes Neuronales/Deep Learning (ANN/DL);Redes Neuronales/Deep Learning (ANN/DL);Accuracy;Accuracy: No reportado;Ninguno reportado
ART332_WOS.pdf;2023; 2014 a 2020 ;México;Registros Académicos (SIS);77517;Deserción escolar;ACAD-PERF;Promedio estudiantil, porcentaje de beca, región campus;Decision Trees (DT), Gradient Boosting (XGBoost/LightGBM), Redes Neuronales/Deep Learning (ANN/DL), Regresión Logística (LR);Gradient Boosting (XGBoost/LightGBM);Accuracy;Accuracy: 0.99;SMOTE / Oversampling
ART334_WOS.pdf;2025; Búsqueda de literatura 2019–2024 ;Ecuador;Plataformas LMS (Moodle/Blackboard);15155;Early academic performance / at-risk students;ACAD-PERF;num_exam1, num_note2, num_note1;Decision Trees (DT), Gradient Boosting (XGBoost/LightGBM), K-Nearest Neighbors (KNN), Random Forest (RF), Regresión Logística (LR);Gradient Boosting (XGBoost/LightGBM);AUC-ROC;AUC-ROC: 0.95;SMOTE / Oversampling
ART336_WOS.pdf;2023; Desde el año 2003 hasta la actualidad ;México;Registros Académicos (SIS);4709;Student attrition;ACAD-PERF;Performance in mathematics area;Decision Trees (DT), Random Forest (RF), Redes Neuronales/Deep Learning (ANN/DL), Support Vector Machines (SVM);Random Forest (RF);Accuracy;Accuracy: 0.98;SMOTE / Oversampling
ART338_WOS.pdf;2024; No reportado explícitamente en los fragmentos. ;México;Plataformas LMS (Moodle/Blackboard);326;Academic success;ACAD-BEHAV;Selective features from video interactions;Decision Trees (DT), Random Forest (RF);Decision Trees (DT);Accuracy;Accuracy: 0.99;SMOTE / Oversampling
ART341_WOS.pdf;2022; Accedido en abril de 2022 ;México;Registros Académicos (SIS);No reportado;Academic achievement;ACAD-PRE;HSGPA, SAT, Delay Avoidance;Regresión Logística (LR);Regresión Logística (LR);Accuracy;Accuracy: 0.52;Ninguno reportado
ART345_WOS.pdf;2023; Periodo de cinco años académicos ;Ecuador;Registros Académicos (SIS);500;Student retention;ACAD-PERF;Course performance, grades, socioeconomic factors;Random Forest (RF);Random Forest (RF);Accuracy;Accuracy: No reportado;Ninguno reportado
ART348_WOS.pdf;2023; 2010-2 hasta 2019-2 ;Brasil;Registros Académicos (SIS);2319;Evadido (Desistente y Desvinculado);DEMO-BIO;CORRACA, ANOULTIMAINST, ULTIMO_SEMESTRE, ESTADOCIVIL;No reportado;No reportado;Accuracy;Accuracy: No reportado;Ninguno reportado
ART349_WOS.pdf;2022; No reportado explícitamente en los fragmentos. ;Perú;Registros Académicos (SIS);No reportado;University Students Dropout;ACAD-PERF;creditos_aprob, dep_padre_tutor, prom_ant, prom_hist, Situacion;Decision Trees (DT);Decision Trees (DT);Accuracy;Accuracy: No reportado;Ninguno reportado
ART352_WOS.pdf;2021; 2004 y 2010 ;Chile;Registros Académicos (SIS);6656;Student retention;ACAD-PRE;Secondary educational score, community poverty index;Decision Trees (DT), K-Nearest Neighbors (KNN), Naive Bayes (NB), Random Forest (RF), Regresión Logística (LR), Support Vector Machines (SVM);Random Forest (RF);Accuracy;Accuracy: 0.80;SMOTE / Oversampling
ART360_WOS.pdf;2025; 2018 a 2020 ;Ecuador;Registros Académicos (SIS);50000;Academic performance;DEMO-GEO;Socioeconomic level, type of institution, student-teacher ratio, access to technology;Gradient Boosting (XGBoost/LightGBM), Random Forest (RF), Regresión Logística (LR);Gradient Boosting (XGBoost/LightGBM);F1-Score;F1-Score: 0.86;Ninguno reportado
ART363_WOS.pdf;2025; Enviado en julio de 2024 ;Brasil;Plataformas LMS (Moodle/Blackboard);No reportado;Dropout prediction;ACAD-BEHAV;Weekly accesses, afternoon accesses, messages received;Regresión Logística (LR);Regresión Logística (LR);Accuracy;Accuracy: No reportado;Ninguno reportado
ART365_WOS.pdf;2020; No reportado explícitamente en los fragmentos. ;América Latina;Registros Académicos (SIS);No reportado;Precisiones de los modelos;ACAD-PERF;No reportado;Redes Neuronales/Deep Learning (ANN/DL);Redes Neuronales/Deep Learning (ANN/DL);Accuracy;Accuracy: No reportado;Ninguno reportado
ART366_WOS.pdf;2020; Basado en el proyecto PIJ-17-12 ;Ecuador;Registros Académicos (SIS);No reportado;Student failure;ACAD-PRE;Application score, vulnerability index, regime, gender, population segment;Redes Neuronales/Deep Learning (ANN/DL);Redes Neuronales/Deep Learning (ANN/DL);AUC-ROC;AUC-ROC: 0.75;Ninguno reportado
ART367_WOS.pdf;2024; No reportado explícitamente en los fragmentos. ;América Latina;Registros Académicos (SIS);450;Learning personalization;DEMO-BIO;Age, gender;Random Forest (RF);Random Forest (RF);Accuracy;Accuracy: No reportado;Ninguno reportado
ART369_WOS.pdf;2024; Retrospectiva de 10 años calendario ;Ecuador;Registros Académicos (SIS);6690;Academic success;ACAD-PERF;ChangeDegree, RateApproval, Average, Degree;Decision Trees (DT), Gradient Boosting (XGBoost/LightGBM), Naive Bayes (NB), Random Forest (RF), Redes Neuronales/Deep Learning (ANN/DL), Support Vector Machines (SVM);Gradient Boosting (XGBoost/LightGBM);AUC-ROC;AUC-ROC: 0.87;SMOTE / Oversampling
ART370_WOS.pdf;2025; Datos históricos desde 2014 ;América Latina;Encuestas socioeconómicas;4682;Dropout;DEMO-BIO;Student age, high school GPA, conditioned admission status;Gradient Boosting (XGBoost/LightGBM);Gradient Boosting (XGBoost/LightGBM);Recall/Sensitivity;Recall/Sensitivity: 0.88;Undersampling
ART373_WOS.pdf;2024; Cohortes 2011 a 2017 ;México;Registros Académicos (SIS);7976;Academic progress;ACAD-PRE;Percentage of correct answers in diagnostic exam;Naive Bayes (NB), Redes Neuronales/Deep Learning (ANN/DL);Naive Bayes (NB);Accuracy;Accuracy: 0.74;Ninguno reportado
ART375_WOS.pdf;2019; 2016 y 2017 ;América Latina;Plataformas LMS (Moodle/Blackboard);No reportado;At-risk students;ACAD-BEHAV;Interaction count, average, median;Ensambles Híbridos, Random Forest (RF);Ensambles Híbridos;AUC-ROC;AUC-ROC: 0.83;SMOTE / Oversampling
ART376_WOS.pdf;2025;" Comité de ética 2018; seguimiento posterior ";Chile;Encuestas socioeconómicas;946;Student dropout;ACAD-PERF;Grades during semester, number of subjects failed;Ensambles Híbridos;Ensambles Híbridos;AUC-ROC;AUC-ROC: 0.92;Undersampling
ART377_WOS.pdf;2024; Semestre B 2021 ;Colombia;Encuestas socioeconómicas;103;Logro académico;DEMO-BIO;Edad, género, semestre, puntualidad, estímulos a la participación;Regresión Logística (LR), Support Vector Machines (SVM);Support Vector Machines (SVM);Accuracy;Accuracy: 0.89;Ninguno reportado
ART378_WOS.pdf;2024; 2020–2022 ;Perú;Registros Académicos (SIS);677;Pass or fail;ACAD-PERF;Academic grades in programming, linguistic comprehension, mathematics;Decision Trees (DT), K-Nearest Neighbors (KNN), Random Forest (RF), Redes Neuronales/Deep Learning (ANN/DL), Regresión Logística (LR), Support Vector Machines (SVM);Redes Neuronales/Deep Learning (ANN/DL);Accuracy;Accuracy: No reportado;SMOTE / Oversampling
ART380_WOS.pdf;2023; 2014 a 2020 ;México;Registros Académicos (SIS);14495;Student dropout;ACAD-PERF;Average grades in first period, admission tests, high school grades;Decision Trees (DT), Ensambles Híbridos, Gradient Boosting (XGBoost/LightGBM), K-Nearest Neighbors (KNN), Naive Bayes (NB), Random Forest (RF), Redes Neuronales/Deep Learning (ANN/DL), Support Vector Machines (SVM);Random Forest (RF);Accuracy;Accuracy: 0.99;Ninguno reportado
ART381_WOS.pdf;2025; 2013 a 2023 ;Panamá;Registros Académicos (SIS);22615;Students at risk of dropping out;DEMO-BIO;AGE, SCHOOL_GPA;Gradient Boosting (XGBoost/LightGBM), Random Forest (RF), Regresión Logística (LR);Random Forest (RF);Accuracy;Accuracy: 0.98;Ninguno reportado
ART383_WOS.pdf;2024; 2013 a 2017 ;Chile;Registros Académicos (SIS);111;On-time graduation;ACAD-PERF;GPA, years in degree, majors, graduation modality;Naive Bayes (NB), Random Forest (RF), Support Vector Machines (SVM);Random Forest (RF);F1-Score;F1-Score: No reportado;Ninguno reportado
ART384_WOS.pdf;2021; 2016 a 2019 ;México;Registros Académicos (SIS);No reportado;Riesgo académico;ACAD-PRE;ICNE, DIAG, Exani, Carrera;Decision Trees (DT), Random Forest (RF);Decision Trees (DT);Accuracy;Accuracy: No reportado;Ninguno reportado
ART386_WOS.pdf;2021; 2012 a 2016 ;Chile;Registros Académicos (SIS);3362;Student dropout;ACAD-PERF;Family background, admission process, GPA;Decision Trees (DT), K-Nearest Neighbors (KNN), Random Forest (RF), Redes Neuronales/Deep Learning (ANN/DL), Regresión Logística (LR), Support Vector Machines (SVM);Support Vector Machines (SVM);Accuracy;Accuracy: No reportado;SMOTE / Oversampling
ART388_WOS.pdf;2024; No reportado explícitamente en los fragmentos. ;Ecuador;Registros Académicos (SIS);160000;Deserción estudiantil;ACAD-PERF;Nota de corte 2, ocupación jefe de hogar, edad;Gradient Boosting (XGBoost/LightGBM), Random Forest (RF), Support Vector Machines (SVM);Random Forest (RF);Accuracy;Accuracy: No reportado;Ninguno reportado
ART391_WOS.pdf;2025; 2017 a 2019 ;Costa Rica;Registros Académicos (SIS);No reportado;Abandono estudiantil;ACAD-PRE;Nota PAA, nota colegio, sexo, edad, beca, IDS;Gradient Boosting (XGBoost/LightGBM), Random Forest (RF), Regresión Logística (LR);Random Forest (RF);F1-Score;F1-Score: 0.73;Ninguno reportado
ART392_WOS.pdf;2025; No reportado explícitamente en los fragmentos. ;Brasil;Plataformas LMS (Moodle/Blackboard);567;Student dropout prediction;ACAD-BEHAV;Course duration, total logs, days with access, inactivity;Gradient Boosting (XGBoost/LightGBM), K-Nearest Neighbors (KNN), Naive Bayes (NB), Random Forest (RF), Regresión Logística (LR);Gradient Boosting (XGBoost/LightGBM);F1-Score;F1-Score: No reportado;SMOTE / Oversampling
ART396_WOS.pdf;2023; 2008-01 a 2020-02 ;Perú;Registros Académicos (SIS);13696;Student dropout prediction;ACAD-PERF;Approved_Courses, Final_GPA;Decision Trees (DT), K-Nearest Neighbors (KNN), Naive Bayes (NB), Random Forest (RF), Redes Neuronales/Deep Learning (ANN/DL), Regresión Logística (LR), Support Vector Machines (SVM);Redes Neuronales/Deep Learning (ANN/DL);Accuracy;Accuracy: 0.98;Undersampling
ART399_WOS.pdf;2025; Datos accedidos en octubre de 2024 ;América Latina;Registros Académicos (SIS);69066;Student dropout;ACAD-PERF;Previous average grades, failed courses;Random Forest (RF);Random Forest (RF);Accuracy;Accuracy: No reportado;Ninguno reportado
ART405_WOS.pdf;2020; No reportado explícitamente en los fragmentos. ;España;Plataformas LMS (Moodle/Blackboard);3235;Predicting student performance;ACAD-BEHAV;Eventos en plataforma (logs);Random Forest (RF);Random Forest (RF);AUC-ROC;AUC-ROC: No reportado;Ninguno reportado
ART409_WOS.pdf;2020; Datos del primer año de programas de bachillerato ;Chile;Registros Académicos (SIS);3362;Student dropout;ACAD-PRE;PSU score mathematics, gross family income, private school;Gradient Boosting (XGBoost/LightGBM), Random Forest (RF);Gradient Boosting (XGBoost/LightGBM);Accuracy;Accuracy: No reportado;Undersampling
ART412_WOS.pdf;2025; 2009 a 2014 (seguimiento hasta 2017) ;Brasil;Registros Académicos (SIS);No reportado;Dropout;ACAD-PERF;IN_COMPLEMENTARY_ACTIVITY, T1, T2;Random Forest (RF), Regresión Logística (LR), Support Vector Machines (SVM);Regresión Logística (LR);AUC-ROC;AUC-ROC: 0.90;Ninguno reportado
ART416_WOS.pdf;2022; No reportado explícitamente en los fragmentos. ;Perú;Registros Académicos (SIS);No reportado;Academic performance;ACAD-PERF;Failed Courses, First Year Score, Second Year Score;Decision Trees (DT), Gradient Boosting (XGBoost/LightGBM), K-Nearest Neighbors (KNN), Random Forest (RF), Redes Neuronales/Deep Learning (ANN/DL), Regresión Logística (LR), Support Vector Machines (SVM);Gradient Boosting (XGBoost/LightGBM);Accuracy;Accuracy: 0.91;Ninguno reportado
